location_name,top_category,latitude,longitude
Korean BBQ Grill,Restaurants and Other Eating Places,40.908895,-73.781193
Viva Ranch Fruit Market,Grocery Stores,40.909606,-73.780965
Nonna's Pizza Bar Restaurent,Restaurants and Other Eating Places,40.907736,-73.77924
Bella Glo Beauty Spa,Personal Care Services,40.921269,-73.788062
Stephenson Park,"Museums Historical Sites, and Similar Institutions",40.918642,-73.773797
Hong Kong Restaurant,Restaurants and Other Eating Places,40.895828,-73.778763
The Beechmont Tavern,Restaurants and Other Eating Places,40.926907,-73.789403
Dunkin',Restaurants and Other Eating Places,40.902327,-73.791284
Critter Sitters,Other Personal Services,40.90213,-73.775657
North Ridge Shopping Center,Lessors of Real Estate,40.948892,-73.792099
El Sabor,Grocery Stores,40.911478,-73.777842
Russell Cellular,Electronics and Appliance Stores,40.946878,-73.794362
Kennedy Fried Chicken,Restaurants and Other Eating Places,40.914715,-73.785032
B&A Froyo,Restaurants and Other Eating Places,40.923058,-73.788056
Aiello Park,"Museums Historical Sites, and Similar Institutions",40.902573,-73.773714
Sun Hing Chinese Take Out,Restaurants and Other Eating Places,40.927355,-73.789517
Vfw Tot Lot,"Museums, Historical Sites, and Similar Institutions",40.896167,-73.779477
Queens Wig Corporation,Health and Personal Care Stores,40.908905,-73.781862
Wykagyl Service Station,Gasoline Stations,40.948453,-73.793136
Safavieh Home Furnishings,Furniture Stores,40.898762,-73.794887
Salsa Express,Restaurants and Other Eating Places,40.915036,-73.772223
Rocbody Fitness Cafe,Restaurants and Other Eating Places,40.922936,-73.788123
Waffle Cafe,Restaurants and Other Eating Places,40.922867,-73.788177
St Nersess Armenian Seminary,Child Day Care Services,40.967797,-73.790279
G&H Salon,Personal Care Services,40.907692,-73.779331
Salesian Missions,Other Personal Services,40.915518,-73.766877
Shooters Lounge,Restaurants and Other Eating Places,40.908604,-73.779419
Shore Road Diner,Restaurants and Other Eating Places,40.897219,-73.777752
Loupino's Delicatessen,Restaurants and Other Eating Places,40.905676,-73.774342
Sydney's Furniture,Furniture Stores,40.90821,-73.782862
Union Taxi Service,Gasoline Stations,40.909361,-73.793913
Tzatziki Greek Grill,Restaurants and Other Eating Places,40.914436,-73.773304
Domino's Pizza,Restaurants and Other Eating Places,40.916982,-73.785644
Glen Island Center For Nursing And Rehabilitation,Nursing Care Facilities (Skilled Nursing Facilities),40.894571,-73.781594
Wallauer Paint & Design,Building Material and Supplies Dealers,40.908536,-73.784469
Growing Minds,Child Day Care Services,40.909487,-73.779978
Supercuts,Personal Care Services,40.922155,-73.772456
Paulie's Pizzeria,Restaurants and Other Eating Places,40.927392,-73.789682
Sabrosa Deli Juice Bar,Restaurants and Other Eating Places,40.910474,-73.781722
Unforgettable Pet Salon,Other Personal Services,40.945847,-73.795062
Surf Club on the Sound,"Sporting Goods, Hobby, and Musical Instrument Stores",40.897735,-73.770616
Pop's Espresso Bar,Restaurants and Other Eating Places,40.914366,-73.773617
Viva Grande Ranch Fruit Market,Grocery Stores,40.908678,-73.785274
Midea Shoe,Shoe Stores,40.909399,-73.781211
New Rochelle Grand Market,Specialty Food Stores,40.910373,-73.779613
Hurley's Steakhouse and Pub,Restaurants and Other Eating Places,40.908646,-73.783027
Knotz Hair Studio,Personal Care Services,40.914859,-73.772695
North Avenue Cafe,Restaurants and Other Eating Places,40.92238,-73.787862
Smoke & Spice NY Grill,Restaurants and Other Eating Places,40.911058,-73.781153
Rosario's Hair Salon,Personal Care Services,40.946784,-73.794398
Vapen Up,Other Miscellaneous Store Retailers,40.922187,-73.787841
Gemelli Pizzeria,Restaurants and Other Eating Places,40.926911,-73.789445
Bright Eyes Optometry,Health and Personal Care Stores,40.916131,-73.77032
Traditional Bagel Cafe,Restaurants and Other Eating Places,40.94584,-73.795102
Wine & Spirits Discount Warehouse,"Beer, Wine, and Liquor Stores",40.917288,-73.778401
Maggie Nails,Personal Care Services,40.921883,-73.788325
Usmex,Personal Care Services,40.914573,-73.79459
Marina Di Calabria,Restaurants and Other Eating Places,40.893723,-73.782103
Salon Antonio,Personal Care Services,40.898834,-73.777889
Therapeutic Glamour,Health and Personal Care Stores,40.960302,-73.784271
Queens Nail,Personal Care Services,40.905666,-73.774389
Alborada Florist,Florists,40.914245,-73.774031
Ward Acres,"Museums, Historical Sites, and Similar Institutions",40.952888,-73.783903
Golden Imperial Chinese Restaurant,Restaurants and Other Eating Places,40.909927,-73.788576
Lash to Lens,Health and Personal Care Stores,40.908824,-73.780155
Joe's Deli,Restaurants and Other Eating Places,40.911274,-73.796694
Cuatro Caminos Deli,Restaurants and Other Eating Places,40.909984,-73.796236
Bel Aqua Pool Supply,"Sporting Goods, Hobby, and Musical Instrument Stores",40.914004,-73.781208
Beth El Synagogue Center,Religious Organizations,40.946653,-73.796522
North Guys Deli,Restaurants and Other Eating Places,40.921217,-73.787933
Tiffany's Nail & Spa,Personal Care Services,40.947221,-73.795225
Tower Cafe,Restaurants and Other Eating Places,40.911959,-73.782149
Honda of New Rochelle,Automobile Dealers,40.919939,-73.765985
Eblens,Clothing Stores,40.917185,-73.785837
Church of God of New Rochelle New Testament,Religious Organizations,40.909268,-73.77951
New Rochelle Farmers Market,Specialty Food Stores,40.909733,-73.782516
Trinity St Pauls Episcopal Church,Religious Organizations,40.90951,-73.784561
Tailgate Dogs & Sausages,Restaurants and Other Eating Places,40.927242,-73.789469
Barre10,Other Amusement and Recreation Industries,40.946953,-73.796877
Mattress Firm,Furniture Stores,40.900166,-73.793944
New Golden Wok,Restaurants and Other Eating Places,40.910599,-73.781771
Burger King,Restaurants and Other Eating Places,40.910882,-73.780176
Glen Island County Park Causeway,"Museums, Historical Sites, and Similar Institutions",40.885262,-73.784541
Lupitas Tattoos,Personal Care Services,40.908688,-73.782433
Faith Temple Church of God In Christ,Religious Organizations,40.917325,-73.791711
Battaglia Bros,Restaurants and Other Eating Places,40.90797,-73.779446
La Michoacana Grocery,Grocery Stores,40.909657,-73.791081
Avis Rent A Car,Automotive Equipment Rental and Leasing,40.912224,-73.783926
Ruby Red,Restaurants and Other Eating Places,40.923647,-73.78792
Fashion Views,Clothing Stores,40.908057,-73.789819
The Kehillah School For Early Learning,Child Day Care Services,40.965681,-73.780224
CVS,Health and Personal Care Stores,40.923333,-73.787298
Humane Society of Westchester,Other Personal Services,40.927134,-73.770954
Planet Wings,Restaurants and Other Eating Places,40.907682,-73.779326
BR Brothers Brazilian Buffet,Restaurants and Other Eating Places,40.908954,-73.78126
Chicken Joes,Restaurants and Other Eating Places,40.92721,-73.789475
Foodtown,Grocery Stores,40.895517,-73.779038
El Mofongo Serie 56,Restaurants and Other Eating Places,40.907132,-73.784673
La Placita Fresh Market,Grocery Stores,40.902427,-73.79027
Modern Restaurant and Lounge,Restaurants and Other Eating Places,40.908934,-73.784276
Taco Bell,Restaurants and Other Eating Places,40.912851,-73.775707
Danny's Cycles,Sporting Goods Hobbyand Musical Instrument Stores,40.911144,-73.777715
Tasti Blendz,Restaurants and Other Eating Places,40.905336,-73.774668
Main Car Wash,Automotive Repair and Maintenance,40.917874,-73.767844
New Roc Social Bar & Lounge,Restaurants and Other Eating Places,40.908905,-73.782689
Issac E Young Field,Other Amusement and Recreation Industries,40.90259,-73.776752
Golden Krust Caribbean Bakery and Grill,Restaurants and Other Eating Places,40.910652,-73.780985
The New Rochelle Day Nursery,Child Day Care Services,40.920698,-73.793272
Popeyes Louisiana Kitchen,Restaurants and Other Eating Places,40.918677,-73.777358
Spice Indian Bistro,Restaurants and Other Eating Places,40.914437,-73.773285
Tim Hortons,Restaurants and Other Eating Places,40.917538,-73.786167
Library Green,Museums Historical Sites and Similar Institutions,40.910396,-73.782945
Meyer Parking Organization,Other Personal Services,40.906917,-73.780873
X Quisite Flowers and Events,Florists,40.91982,-73.787102
A No 1 Pizza,Restaurants and Other Eating Places,40.923144,-73.788002
The Mirage Restaurant & Cafe,Restaurants and Other Eating Places,40.925282,-73.788699
Joey's Delicatessen,Restaurants and Other Eating Places,40.915147,-73.77212
Starlite II,Restaurants and Other Eating Places,40.908563,-73.782334
Style Society Barbershop & Salon,Personal Care Services,40.927353,-73.789573
1st Choice Taxi,Sporting Goods Hobbyand Musical Instrument Stores,40.906463,-73.778171
G Bakery,Bakeries and Tortilla Manufacturing,40.907503,-73.779184
The Juice Shack,Restaurants and Other Eating Places,40.910133,-73.789873
Hartley Field,Other Amusement and Recreation Industries,40.918061,-73.789141
Fratelli Pizzeria,Restaurants and Other Eating Places,40.914345,-73.773625
Charles Fazzino Museum Editions,"Museums, Historical Sites, and Similar Institutions",40.90801,-73.785747
New Roc City,Lessors of Real Estate,40.911737,-73.779673
Texas Roadhouse,Restaurants and Other Eating Places,40.91229,-73.781857
New Deli Corner,Restaurants and Other Eating Places,40.903174,-73.789708
Subway,Restaurants and Other Eating Places,40.896144,-73.77843
El Tio,Restaurants and Other Eating Places,40.911185,-73.780904
Bagel Zone,Restaurants and Other Eating Places,40.914808,-73.772763
Alfredo's Pizza Cafe,Restaurants and Other Eating Places,40.907482,-73.782209
House Of Wine,"Beer, Wine, and Liquor Stores",40.909788,-73.780928
New York Sports Club,Other Amusement and Recreation Industries,40.912728,-73.781585
Beauty by Dombrie,Personal Care Services,40.905845,-73.787118
LIT Sports Lounge &amp Grill,Traveler Accommodation,40.910579,-73.781762
J&K Healthcare Services,Home Health Care Services,40.913018,-73.778987
Roosevelt Park,"Museums, Historical Sites, and Similar Institutions",40.943952,-73.796603
La Casona Mexican Fusion Cuisine,Restaurants and Other Eating Places,40.910039,-73.795884
World of Toys,Sporting Goods Hobbyand Musical Instrument Stores,40.907934,-73.790333
The Marina Grille,Restaurants and Other Eating Places,40.893753,-73.782077
Al &amp John's Marine Services and Sound Shore Marine,Miscellaneous Durable Goods Merchant Wholesalers,40.908698,-73.772119
DOnofrio Park,Museums Historical Sitesand Similar Institutions,40.895668,-73.79271
Wok King,Restaurants and Other Eating Places,40.91496,-73.784559
Cherry Lawn Farm Market,Specialty Food Stores,40.958957,-73.772944
Prestige Barber Shop,Personal Care Services,40.922808,-73.788191
Crystal Nail Salon,Personal Care Services,40.907751,-73.779241
Harmon Face Values,Health and Personal Care Stores,40.948453,-73.792544
Direct Mattress & Furniture,Furniture Stores,40.910919,-73.781948
Fred's Firewood,Automotive Repair and Maintenance,40.927225,-73.771611
Great Day Family Child Care,Child Day Care Services,40.927561,-73.7933
UNL Solutions,Electronics and Appliance Stores,40.913914,-73.777808
Pinebrook Blvd,"Museums, Historical Sites, and Similar Institutions",40.959033,-73.77892
BP,Gasoline Stations,40.915537,-73.7846
Roc N Ramen,Restaurants and Other Eating Places,40.911124,-73.781038
I Got The Juice,Restaurants and Other Eating Places,40.907323,-73.784401
A Game Sports,Other Amusement and Recreation Industries,40.900197,-73.793981
Westchester Fight Club,Other Amusement and Recreation Industries,40.920349,-73.788317
Queen City Super Buffet,Restaurants and Other Eating Places,40.907194,-73.783433
Jani Chinese and Japanese Steak House,Restaurants and Other Eating Places,40.911274,-73.779965
Freshreno New York,Home Health Care Services,40.898821,-73.799039
Greyhound,Interurban and Rural Bus Transportation,40.910954,-73.778025
La Herradura Inc II,Restaurants and Other Eating Places,40.946899,-73.795453
Dumont Center For Rehabilitation And Nursing Care,Nursing Care Facilities (Skilled Nursing Facilities),40.890105,-73.786788
Enchanted Flower Boutique,Florists,40.909147,-73.784056
Kota African Hair Braiding,Personal Care Services,40.917581,-73.788549
El & Ella Hair Salon,Personal Care Services,40.910617,-73.782349
Chabelitas,Restaurants and Other Eating Places,40.916479,-73.77893
Westchester KRAV MAGA Federation,Other Amusement and Recreation Industries,40.94706,-73.794272
St Gabriel's Church,Religious Organizations,40.911585,-73.786448
Maria,Restaurants and Other Eating Places,40.914318,-73.773774
Super Mercado Mexico Incorporated,Grocery Stores,40.909897,-73.788933
Get Soul,Restaurants and Other Eating Places,40.917142,-73.781136
Beldoro,Home Health Care Services,40.904823,-73.773891
Pepe's Place,Restaurants and Other Eating Places,40.920923,-73.787631
Diner Brew Co,Beverage Manufacturing,40.909148,-73.783986
Grow Your Revenue,Consumer Goods Rental,40.920962,-73.787147
Spectators Sports Pub,Restaurants and Other Eating Places,40.910523,-73.780983
Baraud Rd Lake Area,"Museums, Historical Sites, and Similar Institutions",40.979201,-73.780849
Pizzeria La Rosa,Restaurants and Other Eating Places,40.901858,-73.790894
Modell's Sporting Goods,Sporting Goods Hobbyand Musical Instrument Stores,40.911186,-73.780282
Kim's Nails,Personal Care Services,40.908943,-73.781882
HomeGoods,Home Furnishings Stores,40.923009,-73.772622
Standard Parking,Other Personal Services,40.911643,-73.783982
Rhodes Kajukenbo Karate,Other Amusement and Recreation Industries,40.909263,-73.7945
Lisa Petite Nails,Personal Care Services,40.895857,-73.779816
Prowash Express,Automotive Repair and Maintenance,40.905671,-73.788256
Golden New York Bagels,Restaurants and Other Eating Places,40.922724,-73.788339
Ottavio's Studio,Home Furnishings Stores,40.904002,-73.788794
Residence Inn by Marriott,Traveler Accommodation,40.911638,-73.780651
Sol Y Mar,Restaurants and Other Eating Places,40.909429,-73.794932
Party City,"Office Supplies, Stationery, and Gift Stores",40.898035,-73.792356
Lineas de Naska,Restaurants and Other Eating Places,40.908066,-73.779565
Holy Light House Church,Religious Organizations,40.920135,-73.78722
Our Smoke Shop,Other Miscellaneous Store Retailers,40.92287,-73.787487
Beckwith Pointe,Restaurants and Other Eating Places,40.890272,-73.778408
Christopher J Digiorgio OD,Health and Personal Care Stores,40.896772,-73.794246
Carlo's Restaurant,Restaurants and Other Eating Places,40.915897,-73.770644
Boys & Girls Club Of New Rochelle,Child Day Care Services,40.910086,-73.799689
Amtrak,Rail Transportation,40.911648,-73.78396
Palmer Center,Lessors of Real Estate,40.922415,-73.773212
Taqueria El Chino,Restaurants and Other Eating Places,40.907776,-73.784092
Mister Taco,Restaurants and Other Eating Places,40.922889,-73.78758
NoMa Social,Restaurants and Other Eating Places,40.913953,-73.777824
New Rochelle Tennis Club,Other Amusement and Recreation Industries,40.93832,-73.790744
E M Barbers,Personal Care Services,40.94613,-73.795222
Lala's Beauty Salon,Personal Care Services,40.906523,-73.784765
LMC Car Wash,Automotive Repair and Maintenance,40.922731,-73.787778
Alicia's Bakery,Bakeries and Tortilla Manufacturing,40.908894,-73.781194
Club Pilates,Other Amusement and Recreation Industries,40.948624,-73.792296
Pinebrook Park,Museums Historical Sites and Similar Institutions,40.9391,-73.77881
Hair Beauty Supply,Personal Care Services,40.90801,-73.790097
C Town Supermarkets,Grocery Stores,40.907973,-73.782669
Vogue Nails,Personal Care Services,40.945725,-73.796063
Stop & Shop,Grocery Stores,40.911623,-73.779047
Ministerios Vida de Dios Ministerios Ebenezer,Religious Organizations,40.908641,-73.781274
Ucabing Taxi Car and Limo Service,Automotive Equipment Rental and Leasing,40.918553,-73.76695
The Big Slice,Restaurants and Other Eating Places,40.906014,-73.785601
Koji Salon,Personal Care Services,40.906358,-73.789448
Soleil Beauty,Personal Care Services,40.948364,-73.792435
Remi's Place,Restaurants and Other Eating Places,40.898757,-73.799049
MERCEDES BENZ OF NEW ROCHELLE,Automobile Dealers,40.918863,-73.767745
Agostino's Italian Ristorante,Restaurants and Other Eating Places,40.898781,-73.777848
Pel Rochelle Driving School,Used Merchandise Stores,40.92097,-73.787131
KFC,Restaurants and Other Eating Places,40.918891,-73.786768
Ace Hardware,Building Material and Supplies Dealers,40.902807,-73.78933
Metro PCS Authorized Dealer,Electronics and Appliance Stores,40.917252,-73.778383
Zion Evangelical Baptist Church,Religious Organizations,40.913877,-73.786534
Cherry Blossom,Grocery Stores,40.945999,-73.795196
Barnes & Noble Iona College,Clothing Stores,40.926576,-73.786549
Subway,Restaurants and Other Eating Places,40.915048,-73.772297
Sammy's New York Bagels,Restaurants and Other Eating Places,40.906811,-73.783234
Igor Gracie Jiu Jitsu Academy,Other Amusement and Recreation Industries,40.916513,-73.769879
Shirley's,Restaurants and Other Eating Places,40.907423,-73.782291
El Sombrero,Restaurants and Other Eating Places,40.908987,-73.795867
Zabidury Freestyle Cuisine,Restaurants and Other Eating Places,40.908019,-73.782113
uBreakiFix,Electronics and Appliance Stores,40.946417,-73.795198
WVS Solutions,Electronics and Appliance Stores,40.923165,-73.803934
The Pre School Learning Center Inc,Child Day Care Services,40.927166,-73.794162
Bayberry Nursing Home,Nursing Care Facilities (Skilled Nursing Facilities),40.891694,-73.784344
Lorusso Guitar Studio,"Sporting Goods, Hobby, and Musical Instrument Stores",40.924243,-73.792729
New Rochelle Seventh Day Adventist Church,Religious Organizations,40.918654,-73.796826
Montefiore New Rochelle Hospital,General Medical and Surgical Hospitals,40.913107,-73.787687
Dine and Sail,Sporting Goods Hobbyand Musical Instrument Stores,40.908128,-73.772222
Papa John's,Restaurants and Other Eating Places,40.906746,-73.785221
Napizza,Restaurants and Other Eating Places,40.908747,-73.782473
Rooftop Rhythms,Other Amusement and Recreation Industries,40.908233,-73.782128
Lira's Upholstery,Shoe Stores,40.902609,-73.790052
Mash Cigars lounge,Other Miscellaneous Store Retailers,40.94617,-73.795215
The Church of Jesus Christ of Latter day Saints,Religious Organizations,40.90731,-73.777998
Huguenot Park,Museums Historical Sites and Similar Institutions,40.929217,-73.791158
Grace Tabernacle Church,Religious Organizations,40.903201,-73.789669
Magno's Grill,Restaurants and Other Eating Places,40.906877,-73.783254
Lala's Grill,Restaurants and Other Eating Places,40.907117,-73.784652
Bad Axe Throwing,Other Amusement and Recreation Industries,40.911413,-73.779197
Jungle Gym Martial Arts New Rochelle,Other Amusement and Recreation Industries,40.925782,-73.788933
Baskin Robbins,Restaurants and Other Eating Places,40.918127,-73.767633
R Cafe & Tea Boutique,Restaurants and Other Eating Places,40.90887,-73.784137
Ellen's Spa,Personal Care Services,40.909826,-73.779706
Exterior Measures,Building Material and Supplies Dealers,40.913232,-73.780795
European Wax Center (EWC),Personal Care Services,40.922399,-73.77333
Enterprise Rent-A-Car,Automotive Equipment Rental and Leasing,40.913199,-73.777323
342 Family Food Market,Grocery Stores,40.91376,-73.784357
Cousins Cigars & Hookah Lounge,Other Miscellaneous Store Retailers,40.914607,-73.77271
McDonald's,Restaurants and Other Eating Places,40.926155,-73.789133
Shell Oil,Gasoline Stations,40.919185,-73.766037
Lisa's Nail & Spa,Personal Care Services,40.908174,-73.779662
For Pet's Sake Grooming,Other Miscellaneous Store Retailers,40.914823,-73.77253
MC Travel Management,Travel Arrangement and Reservation Services,40.92837,-73.794334
Deli Mart,Grocery Stores,40.924576,-73.787732
Sals Pizza Ii,Restaurants and Other Eating Places,40.947762,-73.794192
Westchester Budo,Other Amusement and Recreation Industries,40.909415,-73.779943
Joey's Cannoli Espresso Bar & Cafe,Specialty Food Stores,40.90866,-73.783399
Swan Beauty Spa,Personal Care Services,40.91432,-73.784584
Starbucks,Restaurants and Other Eating Places,40.922081,-73.773963
Hudson Park Bait & Tackle,"Sporting Goods, Hobby, and Musical Instrument Stores",40.907971,-73.770689
Tennis Courts,Other Amusement and Recreation Industries,40.949818,-73.776332
Big Three Barber Shop,Personal Care Services,40.91161,-73.777583
K Spa,Personal Care Services,40.902663,-73.789941
Legendary Barbershop,Personal Care Services,40.902131,-73.790824
Silhouettes Hair Salon,Personal Care Services,40.897018,-73.777768
Pelorus Nail Spa,Personal Care Services,40.908448,-73.782765
Starbucks,Restaurants and Other Eating Places,40.926371,-73.786331
Relig,Religious Organizations,40.911081,-73.786032
Hibachi Express,Restaurants and Other Eating Places,40.910403,-73.780899
CITGO,Gasoline Stations,40.910649,-73.792242
Di Palate Restaurant,Restaurants and Other Eating Places,40.907803,-73.779239
Westchester County Cell Phone Repair,Electronics and Appliance Stores,40.912725,-73.781721
Lash Out Loud,Personal Care Services,40.91505,-73.785075
Land Rover Larchmont New Rochelle,Automobile Dealers,40.920593,-73.765167
All Home Appliances Kitchen & Bath,Building Material and Supplies Dealers,40.914268,-73.782606
Acme Markets,Grocery Stores,40.947183,-73.794071
Swirl Coffee & Tea Room,Restaurants and Other Eating Places,40.946484,-73.795202
Habib's Atmosphere Is Hair,Personal Care Services,40.908525,-73.782383
Westchester Institute of Computer Tech,Child Day Care Services,40.910042,-73.78017
Patsy's Pizzeria,Restaurants and Other Eating Places,40.908735,-73.772036
Westchester Taco Grill,Restaurants and Other Eating Places,40.925665,-73.788885
Lupe's Deli,Restaurants and Other Eating Places,40.909534,-73.794577
Sycamore Park,"Museums, Historical Sites, and Similar Institutions",40.902302,-73.795333
El Michoacano Restaurant,Restaurants and Other Eating Places,40.909369,-73.781166
Prime Time Cafe,Restaurants and Other Eating Places,40.946749,-73.795417
Ester's Hair Salon,Personal Care Services,40.917268,-73.778379
CarpenterS Pond Park,Museums Historical Sites and Similar Institutions,40.977322,-73.778797
Sorell Wine Shop,Liquor Stores,40.909197,-73.784032
Battaglia Bros Meat Mkt,Grocery Stores,40.909626,-73.791709
Veracruz,Restaurants and Other Eating Places,40.914467,-73.794455
Twin Donut,Restaurants and Other Eating Places,40.909618,-73.780796
Yacine's Place,Personal Care Services,40.910008,-73.780366
Salon Camaj,Personal Care Services,40.947111,-73.795392
Lemke Park,Museums Historical Sites and Similar Institutions,40.92443,-73.773127
Eddie Foy Park,Museums Historical Sites and Similar Institutions,40.892858,-73.785743
Pure Hockey,Sporting Goods Hobbyand Musical Instrument Stores,40.912794,-73.774791
The Wagon By the Wooden Spoon,Restaurants and Other Eating Places,40.908525,-73.783318
Mexico Alegre,Restaurants and Other Eating Places,40.903107,-73.789697
FunFuzion,Other Amusement and Recreation Industries,40.911468,-73.779564
The Only Mart,Health and Personal Care Stores,40.908328,-73.781918
El Herradura,Restaurants and Other Eating Places,40.907688,-73.78388
Prowash of New Rochelle,Automotive Repair and Maintenance,40.905659,-73.788266
Saccone's Pizzeria,Restaurants and Other Eating Places,40.909589,-73.798297
ShopRite,Grocery Stores,40.916835,-73.778967
Fratelli Pizza,Restaurants and Other Eating Places,40.914367,-73.77366
Sandwich King,Restaurants and Other Eating Places,40.898674,-73.777799
Greentree Country Club,Other Amusement and Recreation Industries,40.893721,-73.775012
Carvel,Restaurants and Other Eating Places,40.914263,-73.793774
Union Ave Liquor,Liquor Stores,40.909116,-73.794851
Al Forno Pizza & Pasta,Restaurants and Other Eating Places,40.923199,-73.787978
New Rochelle Barber Shop,Personal Care Services,40.927338,-73.789546
H & R Bialy,Restaurants and Other Eating Places,40.947564,-73.794204
Ethnika H Decor & Antiques,Used Merchandise Stores,40.92872,-73.771448
Ksi Auto School,Used Merchandise Stores,40.909737,-73.780949
Nick's Hair Cutting Salon,Personal Care Services,40.908959,-73.780979
Aria Garden Spa,Personal Care Services,40.925774,-73.788937
Co Co's Unisex Beauty Salon,Personal Care Services,40.90101,-73.788258
Le Comte A Co,Other Motor Vehicle Dealers,40.889336,-73.785168
210 Spa,Personal Care Services,40.908415,-73.781848
Chinatown Restaurant,Restaurants and Other Eating Places,40.918038,-73.786378
London Luxury Beds,Furniture Stores,40.911464,-73.782968
B & A Spa,Personal Care Services,40.914599,-73.772743
U Haul Neighborhood Deaelr,Automotive Equipment Rental and Leasing,40.906502,-73.786484
Union Baptist Church Office,Religious Organizations,40.910174,-73.778867
Sound Bound Fishing Charters,Other Motor Vehicle Dealers,40.907967,-73.770673
Roberto's Pizza & Pasta,Restaurants and Other Eating Places,40.900049,-73.787028
Radiant Light Skin Care,Personal Care Services,40.913015,-73.778977
Kidz Korner Of New Rochelle,Child Day Care Services,40.893768,-73.776739
Dogtopia,Other Personal Services,40.929297,-73.770698
Vines & Petals,Florists,40.906368,-73.789435
Main Street Boxing & Fitness,Other Amusement and Recreation Industries,40.912856,-73.774639
Cooper's Corner Montessori International Inc,Child Day Care Services,40.954519,-73.796509
Main Street Pharamacy,Health and Personal Care Stores,40.902844,-73.790567
Dominique's Daycare,Child Day Care Services,40.900525,-73.769825
McDonald's,Restaurants and Other Eating Places,40.913489,-73.773511
Sky Zone,Other Amusement and Recreation Industries,40.911044,-73.779652
Computer Perfect,Electronics and Appliance Stores,40.913508,-73.785981
Beth El Synagogue Of New Rochelle Inc,Child Day Care Services,40.946621,-73.79648
Flowers Park,Museums Historical Sites and Similar Institutions,40.929739,-73.772194
Bagels on the Run,Restaurants and Other Eating Places,40.895637,-73.778904
Venecias Pizzeria,Restaurants and Other Eating Places,40.909364,-73.781276
Cameron Sharkey Park,Museums Historical Sites and Similar Institutions,40.891769,-73.781458
Cellar 39 Wine & Spirits,Liquor Stores,40.907724,-73.779377
Coleman School of Dance,Other Amusement and Recreation Industries,40.916282,-73.784743
True ChampionZ Martial Arts,Other Amusement and Recreation Industries,40.94691,-73.794281
St Nicholas Greek Orthodox Church,Religious Organizations,40.898277,-73.770345
Squiggy's Dugout,Book Stores and News Dealers,40.914888,-73.772439
Carta Brava Restaurant,Restaurants and Other Eating Places,40.908318,-73.783092
New York Sports Clubs,Other Amusement and Recreation Industries,40.912477,-73.781307
Pizza Hut,Restaurants and Other Eating Places,40.912946,-73.776549
Gleenwood Park,"Museums, Historical Sites, and Similar Institutions",40.918908,-73.801209
Carvel,Restaurants and Other Eating Places,40.915021,-73.772332
Caracas Fusion,Restaurants and Other Eating Places,40.908765,-73.782462
Empire Wok,Restaurants and Other Eating Places,40.905247,-73.774743
Planet Fitness,Other Amusement and Recreation Industries,40.910425,-73.779663
Jefferson Field,Other Amusement and Recreation Industries,40.896453,-73.79095
Vento,Restaurants and Other Eating Places,40.909382,-73.78367
Lord and Beauty Salon,Personal Care Services,40.906369,-73.785055
Starbucks,Restaurants and Other Eating Places,40.945854,-73.795803
Bella Bella Italian Restaurant,Restaurants and Other Eating Places,40.907189,-73.784586
St Gabriel's High Schl,Child Day Care Services,40.911427,-73.787246
Premier Pilates & Yoga,Other Amusement and Recreation Industries,40.909753,-73.780918
The Church of St Simon the Cyrenian,Religious Organizations,40.915435,-73.794096
Applebee's,Restaurants and Other Eating Places,40.911227,-73.780337
Deanna's Pizzeria & Restaurant,Restaurants and Other Eating Places,40.945785,-73.795945
United Hebrew Geriatric Center,Nursing Care Facilities (Skilled Nursing Facilities),40.897114,-73.779005
The Glass Protector,Building Material and Supplies Dealers,40.911055,-73.791326
The Glass Room,Other Miscellaneous Store Retailers,40.908267,-73.781685
Plastic Works,General Merchandise Stores including Warehouse Clubs and Supercenters,40.914128,-73.782876
New Great Wall,Restaurants and Other Eating Places,40.914366,-73.773548
CVS,Health and Personal Care Stores,40.945766,-73.796269
New Rochelle Bike Share,Sporting Goods Hobby and Musical Instrument Stores,40.911852,-73.784286
Fresh Taco,Restaurants and Other Eating Places,40.9083,-73.783113
The WorkRoom Upholstery & Window Treatments,Home Health Care Services,40.905807,-73.785884
Amusement Consultants,Amusement Parks and Arcades,40.901055,-73.79201
Sweet Spice,Restaurants and Other Eating Places,40.916206,-73.785526
RB Fitness,Other Amusement and Recreation Industries,40.904977,-73.787789
Metro PCS Authorized Dealer,Electronics and Appliance Stores,40.908604,-73.782681
Twins Star Cafe,Restaurants and Other Eating Places,40.913621,-73.779315
CITGO,Gasoline Stations,40.919732,-73.788772
New China Kitchen,Restaurants and Other Eating Places,40.904337,-73.788377
The Optical Shop,Health and Personal Care Stores,40.912647,-73.789995
Empty Hand Zen Center,Religious Organizations,40.910526,-73.782069
CrossFit,Other Amusement and Recreation Industries,40.921788,-73.7883
Brothers of Holy Cross,Religious Organizations,40.933198,-73.780875
Costco Gasoline,Gasoline Stations,40.896739,-73.794238
Faith Temple C O G I C,Religious Organizations,40.917343,-73.791686
Carpet One Floor & Home,Home Furnishings Stores,40.906797,-73.785411
North River Deli,Restaurants and Other Eating Places,40.92458,-73.787743
The Guidance Center Of Westchester Inc,Child Day Care Services,40.911232,-73.780825
CVS,Health and Personal Care Stores,40.900978,-73.79179
Befit Supplements,Health and Personal Care Stores,40.910502,-73.781698
Tejeda Deli Grocery,Restaurants and Other Eating Places,40.909342,-73.796066
John's Ravioli,Grocery Stores,40.90233,-73.789629
Heritage Auto School,Used Merchandise Stores,40.911172,-73.780961
Sonny Orza Bread Factory,Bakeries and Tortilla Manufacturing,40.908658,-73.788049
McKiernan's Lawton Street Tavern,Restaurants and Other Eating Places,40.910549,-73.782395
Riordan Timothy G,Used Merchandise Stores,40.905874,-73.789938
The Nurtury Montessori School,Child Day Care Services,40.94082,-73.794602
Yum Ice Cream&Bubble Tea,Restaurants and Other Eating Places,40.910647,-73.780982
Touche Moi Massage of New Rochelle,Personal Care Services,40.911861,-73.782424
U-Haul,Automotive Equipment Rental and Leasing,40.90631,-73.794056
Hudson Park,Museums Historical Sites and Similar Institutions,40.907594,-73.769103
San Yama Bushi Judo & Ju Jutsu School,Other Amusement and Recreation Industries,40.906159,-73.785268
Taqueria San Antonio,Restaurants and Other Eating Places,40.909002,-73.795798
North Avenue Getty,Gasoline Stations,40.915553,-73.784642
1 Of 1 Nyc,Clothing Stores,40.90827,-73.78298
Visionique Family Eye Care,Health and Personal Care Stores,40.913316,-73.789463
Between Ages Adult Social Center,Other Miscellaneous Store Retailers,40.913514,-73.786075
The Gnarly Vine Wine Bar,Restaurants and Other Eating Places,40.909018,-73.781684
Hand Crafted Services,Restaurants and Other Eating Places,40.907309,-73.78256
NEW ROCHELLE CHEVROLET,Automobile Dealers,40.913714,-73.774379
Nail City One,Personal Care Services,40.909369,-73.781271
Sutton Park Center For Nursing And Rehabilitation,Nursing Care Facilities (Skilled Nursing Facilities),40.914652,-73.78617
The Nook Eatery,Restaurants and Other Eating Places,40.915078,-73.77223
Uncle Louie G's Italian Ice & Ice Cream,Restaurants and Other Eating Places,40.911084,-73.781098
A Cut Above Color Group,Personal Care Services,40.948591,-73.792334
Moringa Revealed,Other Ambulatory Health Care Services,40.912363,-73.782461
AvadeanLewis com LLC,Other Amusement and Recreation Industries,40.913491,-73.786066
GENESIS OF NEW ROCHELLE,Automobile Dealers,40.917621,-73.768979
Presbyterian Church of New Rochelle,Religious Organizations,40.90481,-73.785143
New Beginnings,"Museums, Historical Sites, and Similar Institutions",40.916345,-73.784495
New Natural Nail,Personal Care Services,40.908952,-73.780997
Costco Wholesale Corp.,General Merchandise Stores,40.89605,-73.794913
StarLight Beauty Salon,Personal Care Services,40.948584,-73.792336
Center for Montessori Education NY,Child Day Care Services,40.913925,-73.77774
Joserg Pizza,Restaurants and Other Eating Places,40.907498,-73.784335
Fred's Beauty Salon,Personal Care Services,40.908581,-73.782904
Goodwill Industries,Used Merchandise Stores,40.914715,-73.778698
Westchester Jewelers & Pawnbrokers,Used Merchandise Stores,40.91009,-73.780649
Hugeonot Park,Museums Historical Sites and Similar Institutions,40.929659,-73.790595
La Tapatia Deli,Restaurants and Other Eating Places,40.909825,-73.789578
Escape Latino,Restaurants and Other Eating Places,40.899091,-73.798457
Dollar Tree,General Merchandise Stores,40.91718,-73.785161
Bella Beauty Supply,Personal Care Services,40.914772,-73.785041
Lief Erickson Park,Museums Historical Sites and Similar Institutions,40.906514,-73.773377
Dudley's Parkview Restaurant,Restaurants and Other Eating Places,40.907902,-73.770769
Sweet Potatoes Restaurant,Restaurants and Other Eating Places,40.9157,-73.784826
G Soul,Clothing Stores,40.906335,-73.789434
Family Christian Center,Religious Organizations,40.90656,-73.784462
Montefiore New Rochelle Hospital,General Medical and Surgical Hospitals,40.912994,-73.787489
Dragon Garden Chinese Rest,Restaurants and Other Eating Places,40.908187,-73.779697
Maestro's,Restaurants and Other Eating Places,40.946987,-73.795477
El Trigal,Restaurants and Other Eating Places,40.909303,-73.794035
Wine Bazaar,"Beer, Wine, and Liquor Stores",40.922329,-73.773737
Chugger's,Restaurants and Other Eating Places,40.910602,-73.781815
Raymond Opticians,Health and Personal Care Stores,40.908627,-73.782488
Sage Cafe Market More,Restaurants and Other Eating Places,40.925276,-73.788733
Magic Cuts For Kids,Personal Care Services,40.916675,-73.769662
Billy Budd's Pub,Restaurants and Other Eating Places,40.888436,-73.790023
The Masters Hand Christian Fellowship,Child Day Care Services,40.907022,-73.779481
Liberty Montessori School International,Child Day Care Services,40.930359,-73.784619
Going to the Dawgs,Other Personal Services,40.90286,-73.790339
Alex' Barbering and Hairstyling,Personal Care Services,40.905235,-73.774734
Dunkin',Restaurants and Other Eating Places,40.918109,-73.767661
Aztec Sports,Clothing Stores,40.914206,-73.784641
Red Lotus Thai Restaurant,Restaurants and Other Eating Places,40.915112,-73.772032
The Loop,Clothing Stores,40.91007,-73.780194
Jinny's Nails,Personal Care Services,40.914418,-73.793826
Lutheran Church of St Luke,Religious Organizations,40.92716,-73.794152
Total Image Hair Salon,Personal Care Services,40.898802,-73.798928
Goat Printing,Sporting Goods Hobby and Musical Instrument Stores,40.906208,-73.784788
Trackless Hair Boutique,Personal Care Services,40.915467,-73.785223
Willow Towers,Home Health Care Services,40.898234,-73.778647
Authentic Cafe,Restaurants and Other Eating Places,40.911062,-73.779645
Crown Trophy,Other Miscellaneous Store Retailers,40.914338,-73.77365
Wallauer Paint & Design,Building Material and Supplies Dealers,40.947619,-73.795357
Bmk Stationery & Luncheonette,Restaurants and Other Eating Places,40.904223,-73.788519
El Sabor Latino New Rochelle,Restaurants and Other Eating Places,40.911462,-73.777818
Ionian Grill & Cafe,Restaurants and Other Eating Places,40.92238,-73.787862
Coromandel Cuisine of India,Restaurants and Other Eating Places,40.908939,-73.783707
Fordham Wigs Of Westchester,Health and Personal Care Stores,40.911792,-73.782359
The Iron Pizza Kitchen,Restaurants and Other Eating Places,40.924142,-73.788091
New Rochelle Racquet Club,Museums Historical Sites and Similar Institutions,40.917787,-73.776966
The Home Depot,Building Material and Supplies Dealers,40.898974,-73.792708
Cara Nail,Personal Care Services,40.895743,-73.778833
Anna & Jacks Treehouse,Child Day Care Services,40.906026,-73.782417
Got Thyme,Restaurants and Other Eating Places,40.945872,-73.795911
Wykagyl Country Club,Other Amusement and Recreation Industries,40.947332,-73.78761
New Rochelle Toyota,Automobile Dealers,40.914944,-73.778533
Dunkin',Restaurants and Other Eating Places,40.90666,-73.777612
Dubrovnik Restaurant,Restaurants and Other Eating Places,40.903603,-73.789156
Ward Acres Park,Museums Historical Sites and Similar Institutions,40.958586,-73.781673
Green Valley Restaurant,Restaurants and Other Eating Places,40.92834,-73.772389
Starbucks,Restaurants and Other Eating Places,40.926658,-73.789393
Mangoville,Restaurants and Other Eating Places,40.907533,-73.779345
Dunia Ghabour Brow Design,Personal Care Services,40.911927,-73.782219
Marshalls,Clothing Stores,40.922992,-73.772579
V P Designs,Furniture Stores,40.904889,-73.786924
Mini's Latin Fusion,Restaurants and Other Eating Places,40.914868,-73.772444
Hair Factor,Personal Care Services,40.946646,-73.79541
Steiner Sports Marketing,Sporting Goods Hobbyand Musical Instrument Stores,40.913402,-73.779434
C J Cullen's Tavern,Other Amusement and Recreation Industries,40.906503,-73.773893
U Haul Moving & Storage of New Rochelle,Automotive Equipment Rental and Leasing,40.906196,-73.793573
Terranova Brick Oven Pizzeria Restaurant,Restaurants and Other Eating Places,40.905215,-73.774767
The Taquito,Restaurants and Other Eating Places,40.922116,-73.787866
Lincoln Park,Museums Historical Sites and Similar Institutions,40.916325,-73.789589
Sun Nail & Spa,Personal Care Services,40.946798,-73.794415
Paparazzi Ready NY,Clothing Stores,40.907746,-73.779233
Center Food Mart,Gasoline Stations,40.910553,-73.792299
New York Fitness Professionals,Other Amusement and Recreation Industries,40.913336,-73.786075
Dunkin',Restaurants and Other Eating Places,40.947431,-73.795276
West Harbor Yacht Svce,Other Motor Vehicle Dealers,40.889146,-73.785253
Anshe Sholom Synagogue,Religious Organizations,40.905263,-73.776998
Silkie's Saloon,Restaurants and Other Eating Places,40.909822,-73.779781
Main Street Deli,Restaurants and Other Eating Places,40.903411,-73.789404
Fratelli Ristorante,Restaurants and Other Eating Places,40.914913,-73.772438
No Limit Home Care Agency,Home Health Care Services,40.907757,-73.779269
Davenport Park,Museums Historical Sites and Similar Institutions,40.896191,-73.771409
Synergy Laser,Personal Care Services,40.908436,-73.782783
PizzaCo,Restaurants and Other Eating Places,40.927372,-73.789724
New Rochelle Diner,Restaurants and Other Eating Places,40.900896,-73.793034
Uniquepos,Electronics and Appliance Stores,40.920158,-73.764728
Hynes Athletic Center,Spectator Sports,40.927105,-73.785726
La Fattoria,Restaurants and Other Eating Places,40.919362,-73.766584
Exotic Nail 4 You,Personal Care Services,40.908936,-73.78186
Humble Pie Specialty Cakes,Bakeries and Tortilla Manufacturing,40.914398,-73.773268
Educational Tools 'N Toys,Sporting Goods Hobby and Musical Instrument Stores,40.907013,-73.784086
Janeth's Salon,Personal Care Services,40.910512,-73.78254
Little Blessings Child Development Center,Child Day Care Services,40.921091,-73.773654
Alvin & Friends,Restaurants and Other Eating Places,40.908828,-73.782625
Juliano's Caterers,Restaurants and Other Eating Places,40.904149,-73.787868
St Catherine AME Zion Church,Religious Organizations,40.917959,-73.787016
Robeks Juice,Restaurants and Other Eating Places,40.948484,-73.792555
Metapan Restaurant,Restaurants and Other Eating Places,40.914337,-73.794479
Young Israel Of New Rochelle,Religious Organizations,40.941366,-73.793756
Virtual Montessori,Child Day Care Services,40.908473,-73.783251
Liebmans,Clothing Stores,40.908539,-73.781627
Bethesda Baptist Church of New Rochelle,Religious Organizations,40.917397,-73.789523
Chris Mongiello and The Rock Academy,Sporting Goods Hobby and Musical Instrument Stores,40.906858,-73.783118
Hudson Park and Beach,Museums Historical Sites and Similar Institutions,40.906054,-73.773669
Tailgate Sport Bar & Restaurant,Restaurants and Other Eating Places,40.914307,-73.773762
MAZDA OF NEW ROCHELLE,Automobile Dealers,40.917116,-73.769414
The Vivid Touch,Personal Care Services,40.948755,-73.792056
Hudson Country School Inc,Child Day Care Services,40.954118,-73.783298
Cosi,Restaurants and Other Eating Places,40.948814,-73.792127
Abba Antiques & Art Gallery,Used Merchandise Stores,40.889781,-73.788598
Shiloh Baptist Church,Religious Organizations,40.916717,-73.794566
Blooming Nail & Spa,Personal Care Services,40.897204,-73.77764
Subway,Restaurants and Other Eating Places,40.907438,-73.784166
WholesalePhoneAccessories,Electronics and Appliance Stores,40.913926,-73.77784
Marine Supply & Service,Other Motor Vehicle Dealers,40.902212,-73.791997
Kiku Sushi,Restaurants and Other Eating Places,40.896286,-73.778262
Downtown Gold & Jewelry Pawn,Used Merchandise Stores,40.914308,-73.784178
Jolo's Kitchen,Restaurants and Other Eating Places,40.916236,-73.785307
Carvel,Restaurants and Other Eating Places,40.946731,-73.794523
Regal Entertainment Group,Motion Picture and Video Industries,40.911935,-73.779552
Holy Family Church,Religious Organizations,40.923778,-73.791071
Rainbow Custom Apparel,Sporting Goods Hobby and Musical Instrument Stores,40.909457,-73.791721
Quinn Tessential Wine & Spirits,Liquor Stores,40.914575,-73.773132
New Roc,Personal Care Services,40.905246,-73.77475
Pizza Centre,Restaurants and Other Eating Places,40.897095,-73.777714
Bespoke Barber Shop,Personal Care Services,40.916423,-73.784716
Salsa Y Brasa Restaurant,Restaurants and Other Eating Places,40.906201,-73.784839
North End Tavern,Restaurants and Other Eating Places,40.946454,-73.795273
Pedro Sanchez Cycling,Sporting Goods Hobby and Musical Instrument Stores,40.901488,-73.788189
Arteaseta Salon,Health and Personal Care Stores,40.946466,-73.79522
Rinconcito Luncheonette,Restaurants and Other Eating Places,40.911709,-73.77759
Titus Mill,Museums Historical Sites and Similar Institutions,40.900766,-73.774931
Dunkin',Restaurants and Other Eating Places,40.92372,-73.788003
Quick Stop Caribbean American Cuisine,Restaurants and Other Eating Places,40.910841,-73.778069
Yudi's Beauty Salon,Personal Care Services,40.906354,-73.785032
Maciel's Barbershop,Personal Care Services,40.910157,-73.789567
Encore Esports,Book Stores and News Dealers,40.907689,-73.782727
A Little Nibble,Restaurants and Other Eating Places,40.902061,-73.78919
Eden French Speaking Seventh Day Adventist Church,Religious Organizations,40.909662,-73.790969
Best In Show Dog Training,Other Personal Services,40.935689,-73.770179
Modern Paint & Hardware,Building Material and Supplies Dealers,40.90851,-73.784443
Tropical Lights Tanning Salon,Personal Care Services,40.926851,-73.789306
Don Coqui,Restaurants and Other Eating Places,40.916968,-73.780684
Town Pizza House Restaurant,Restaurants and Other Eating Places,40.910559,-73.781142
Loupino's Delicatessen,Restaurants and Other Eating Places,40.906655,-73.77603
Subway,Restaurants and Other Eating Places,40.923572,-73.787923
JayWay Travel,Travel Arrangement and Reservation Services,40.888461,-73.790515
Sidney Frank Importing Co,"Beer, Wine, and Liquor Stores",40.914422,-73.779598
Caribbean Jerk & Juices,Restaurants and Other Eating Places,40.915476,-73.771565
The Redeemed Christian Church of God,Religious Organizations,40.914388,-73.785016
Toriano's Pizzeria,Restaurants and Other Eating Places,40.90873,-73.782468
Bezer Holiness Church,Religious Organizations,40.906991,-73.785872
Batting Cages USA,Sporting Goods Hobby and Musical Instrument Stores,40.906854,-73.788646
Ortho Rite,Home Health Care Services,40.929102,-73.769215
New Roc Deli,Restaurants and Other Eating Places,40.910372,-73.78103
Lily Nail Spa,Personal Care Services,40.920478,-73.765205
Big Top,Jewelry Luggage and Leather Goods Stores,40.947355,-73.795281
Berta's Deli & Grocery,Restaurants and Other Eating Places,40.914632,-73.78439
Shell Oil,Gasoline Stations,40.896406,-73.778388
Sorelle's Pizza,Restaurants and Other Eating Places,40.908517,-73.779359
La Flor De Michoan,Restaurants and Other Eating Places,40.9096,-73.794224
United Gourmet Deli,Restaurants and Other Eating Places,40.915522,-73.785105
El Jalisco,Restaurants and Other Eating Places,40.909456,-73.794908
Metro PCS Authorized Dealer,Electronics and Appliance Stores,40.915161,-73.785162
Gulf Oil,Gasoline Stations,40.90625,-73.785996
Scarsdale Florist,Florists,40.909447,-73.783684
Patrias Restaurant,Gasoline Stations,40.909162,-73.781632
Krave,Restaurants and Other Eating Places,40.907919,-73.782241
CrossFit,Other Amusement and Recreation Industries,40.928102,-73.771654
El Gran Rodeo,Restaurants and Other Eating Places,40.915256,-73.785225
Beanberry's Cafe & Yogurt Bar,Traveler Accommodation,40.910316,-73.783565
Main Street Deli &amp Grocery,Grocery Stores,40.914617,-73.772716
Simplee Beautiful,Personal Care Services,40.948568,-73.792373
Atit Thai Restaurant,Restaurants and Other Eating Places,40.907375,-73.779157
Buffalo Wild Wings,Restaurants and Other Eating Places,40.911321,-73.780296
Caridad & Louie's Restaurant,Restaurants and Other Eating Places,40.911036,-73.781536
Westcop Childrens Center For Learning,Child Day Care Services,40.917344,-73.790089
Neptune Park,Museums Historical Sites and Similar Institutions,40.891214,-73.782272
Metro Pizza & Pasta,Restaurants and Other Eating Places,40.914565,-73.784396
My Wild Child Nature School,Child Day Care Services,40.957588,-73.783575
SuggarPlums,Restaurants and Other Eating Places,40.920373,-73.787212
Harbor One,Florists,40.896648,-73.78553
Weekday Nursery School United Meth Church,Child Day Care Services,40.942827,-73.795159
Juicy Chicken Peruvian Rotisserie Bar & Grill,Restaurants and Other Eating Places,40.908344,-73.78312
Five Islands Park,Museums Historical Sites and Similar Institutions,40.91374,-73.765344
16 Handles,Restaurants and Other Eating Places,40.94871,-73.792177
Carvel,Restaurants and Other Eating Places,40.923636,-73.787921
Cohen I B & Sons,Clothing Stores,40.908468,-73.782544
Phenix Salon Suites,Personal Care Services,40.948762,-73.792064
Salon Seventy Six,Personal Care Services,40.906175,-73.777867
B & A Barbershop,Personal Care Services,40.915096,-73.772259
Chili Dog Restaurant,Restaurants and Other Eating Places,40.912773,-73.783124
Mobil,Gasoline Stations,40.924143,-73.787496
Budget Rent A Car,Automotive Equipment Rental and Leasing,40.911954,-73.784415
Stop & Shop,Grocery Stores,40.922042,-73.774016
Pinebrook Park Ward Drive,Museums Historical Sites and Similar Institutions,40.963599,-73.779867
Radisson,Traveler Accommodation,40.913966,-73.777882
AZ Sewers &amp Drain Services,Building Material and Supplies Dealers,40.923103,-73.788024
CVS,Health and Personal Care Stores,40.913317,-73.775383
Pretty Nail's Salon,Personal Care Services,40.905892,-73.785707
The Avenue Deli Cafe,Restaurants and Other Eating Places,40.925596,-73.788799
New Rochelle Deli,Restaurants and Other Eating Places,40.909396,-73.780569
Zach Alexander,Health and Personal Care Stores,40.910501,-73.78377
The Learning Experience,Child Day Care Services,40.91346,-73.781179
Mikvah of New Rochelle,Religious Organizations,40.943929,-73.795499
J F Relax,Personal Care Services,40.906941,-73.78486
CrossFit,Other Amusement and Recreation Industries,40.919464,-73.787854
CVS,Health and Personal Care Stores,40.910194,-73.781438
Sherwin-Williams,Building Material and Supplies Dealers,40.921929,-73.772559
Heisler Pastry,Bakeries and Tortilla Manufacturing,40.946895,-73.795437
Habitat for Humanity ReStore,Used Merchandise Stores,40.90535,-73.787592
Backyard Pub,Restaurants and Other Eating Places,40.909982,-73.780452
Emanuel A M E Church,Religious Organizations,40.930089,-73.767382
Colombian House,Restaurants and Other Eating Places,40.907146,-73.784632
Campus USA,Restaurants and Other Eating Places,40.924127,-73.788058
Aspirations Cafe,Restaurants and Other Eating Places,40.910751,-73.778174
Alef Bet Preschool,Child Day Care Services,40.943968,-73.795506
Russell Cellular,Electronics and Appliance Stores,40.915426,-73.771666
GNC (General Nutrition Centers),Health and Personal Care Stores,40.909238,-73.780508
Flowers by Sutton,Florists,40.909699,-73.783551
GameStop,Sporting Goods Hobby and Musical Instrument Stores,40.910815,-73.779863
El Sabor De Mi Tierra Restaurant,Restaurants and Other Eating Places,40.908458,-73.784428
D'Chef Restaurants,Restaurants and Other Eating Places,40.914763,-73.79464
Station Cafe,Restaurants and Other Eating Places,40.911468,-73.784169
County Beverages,Liquor Stores,40.905236,-73.788822
D & D Wine And Liquors,Liquor Stores,40.897432,-73.777507
Sears Home Services,Department Stores,40.92816,-73.771486
ConocoPhillips,Gasoline Stations,40.904438,-73.787692
Peking Restaurant,Restaurants and Other Eating Places,40.909438,-73.795115
Love Music,Other Miscellaneous Store Retailers,40.914048,-73.784529
Holy Family Ccd,Religious Organizations,40.924214,-73.791358
Davenport Club,Traveler Accommodation,40.897854,-73.772859
Red Mango,Restaurants and Other Eating Places,40.896496,-73.778409
The Beer Necessities,"Beer, Wine, and Liquor Stores",40.947362,-73.795306
Aventura Deli & Grocery,Grocery Stores,40.914126,-73.794404
Ai Vinyl Graphics & Mobile Electronics,Electronics and Appliance Stores,40.907619,-73.785424
North End Fitness & Training,Other Amusement and Recreation Industries,40.946246,-73.795153
Feeney Park,Museums Historical Sites and Similar Institutions,40.911255,-73.799892
Texas Chicken &amp Burgers,Restaurants and Other Eating Places,40.909619,-73.780795
ABTsolute Training Systems,Other Amusement and Recreation Industries,40.928196,-73.771788
Talner Fine Jewelry and Giftware,Jewelry Luggage and Leather Goods Stores,40.90757,-73.783913
Baskin Robbins,Restaurants and Other Eating Places,40.923725,-73.787991
M&amp M Deli Cafe,Restaurants and Other Eating Places,40.908387,-73.781828
Lowell Shelton Salon & Beauty Bar,Personal Care Services,40.904757,-73.788208
First Holiness Church,Religious Organizations,40.918195,-73.786495
Mike's Deli & Cafe,Restaurants and Other Eating Places,40.898439,-73.790603
Renu Beauty,Personal Care Services,40.908428,-73.783179
Schaffer Extended Care Center,Nursing Care Facilities (Skilled Nursing Facilities),40.91287,-73.78755
Aqua Play Pool & Spa,Miscellaneous Durable Goods Merchant Wholesalers,40.902802,-73.789321
French Speaking Baptist Church,Other Amusement and Recreation Industries,40.908355,-73.781373
Cannone's Pizza,Restaurants and Other Eating Places,40.924143,-73.78808
Restaurant Tecalitlan,Restaurants and Other Eating Places,40.910111,-73.79007
The Green House Smoke Shop,Other Miscellaneous Store Retailers,40.907791,-73.779252
Cardillo Pools & Spas,Sporting Goods Hobby and Musical Instrument Stores,40.925,-73.791289
Las Palmas Restaurant,Restaurants and Other Eating Places,40.908305,-73.78178
New Roc Foods,Grocery Stores,40.905759,-73.788683
St Paul's F B H Church,Religious Organizations,40.91651,-73.790781
D'bay Cafe,Restaurants and Other Eating Places,40.914222,-73.78409
T & R Jewelers,Jewelry Luggage and Leather Goods Stores,40.907784,-73.783675
Alfredo's Pizza Cafe,Restaurants and Other Eating Places,40.920678,-73.787406
Beryl M Winston LMT,Personal Care Services,40.948573,-73.792343
Boys & Girls' Club Of New Rochelle Inc,Child Day Care Services,40.974001,-73.78533
Traffic Stop at Rib King,Restaurants and Other Eating Places,40.918298,-73.786596
Toy Discount Center,Sporting Goods Hobby and Musical Instrument Stores,40.909142,-73.780357
The Tai Chi School,Other Amusement and Recreation Industries,40.92979,-73.776346
Sound Shore Pharmacy Outpatient,Health and Personal Care Stores,40.912838,-73.787537
Smokehouse Tailgate Grill,Restaurants and Other Eating Places,40.922553,-73.788335
Alleyway Boutique,Clothing Stores,40.946789,-73.795194
Pinkberry,Restaurants and Other Eating Places,40.911427,-73.779172
Boys And Girls Club Of New Rochelle Ward Elem School,Child Day Care Services,40.955935,-73.783643
Little Mexican Cafe,Restaurants and Other Eating Places,40.907229,-73.784473
Pine Brook Fitness,Other Amusement and Recreation Industries,40.91778,-73.776996
Fromm Tennis,Other Amusement and Recreation Industries,40.935136,-73.769616
Applied Behavioral Interventions,Child Day Care Services,40.909426,-73.779948
North Ave,Museums Historical Sites and Similar Institutions,40.933922,-73.791215
La Esquina Salvadorena,Restaurants and Other Eating Places,40.908396,-73.78268
Portuguese Community Center NR,Museums Historical Sites and Similar Institutions,40.910881,-73.79641
Ashley Furniture HomeStore,Furniture Stores,40.897453,-73.79589
Airohub,Travel Arrangement and Reservation Services,40.913944,-73.777795
Sports Clubs Network,Other Amusement and Recreation Industries,40.912708,-73.781644
Trinity Cooperative Nursry Schl,Child Day Care Services,40.909516,-73.784533
The Wooden Spoon,Restaurants and Other Eating Places,40.908529,-73.783317
Creative Learning Center,Child Day Care Services,40.911248,-73.780811
Fresh Taco,Restaurants and Other Eating Places,40.905103,-73.787691
CITGO,Gasoline Stations,40.91225,-73.775155
Homebrew Emporium,"Beer, Wine, and Liquor Stores",40.920669,-73.787402
AJ's Burgers,Restaurants and Other Eating Places,40.920594,-73.787241
Mikey Dubb's Frozen Custard,Restaurants and Other Eating Places,40.945859,-73.795933
Mama Francesca,Restaurants and Other Eating Places,40.895919,-73.778669
Westchester Yoga Arts,Other Amusement and Recreation Industries,40.910643,-73.782427
New Millennium Driving School,Used Merchandise Stores,40.907305,-73.784255
Crown Fried Chicken,Restaurants and Other Eating Places,40.914721,-73.785029
Lucia's Nail Salon,Personal Care Services,40.906075,-73.785414
Cotija Taco Shop,Restaurants and Other Eating Places,40.909347,-73.794159
Rainbow Fish Market,Specialty Food Stores,40.909171,-73.780717
Splendid Diner,Restaurants and Other Eating Places,40.911233,-73.780807
The Mexican Corner Restaurant,Restaurants and Other Eating Places,40.909039,-73.781587
Boys & Girls Club Of New Rochelle,Child Day Care Services,40.903076,-73.775221
Sakana Japanese Cuisine,Restaurants and Other Eating Places,40.946022,-73.795091
Posto 22,Restaurants and Other Eating Places,40.908681,-73.783499
NISSAN OF NEW ROCHELLE,Automobile Dealers,40.919336,-73.776984
Tropicana Discotech Night Club,Restaurants and Other Eating Places,40.917433,-73.785833
